model,eng_cap,prod_year,power,fuel_type,car_body,mileage,color,condition,transmission,origin,price
Golf,1 498 cm3,2020,150 KM,Benzyna,Auta małe,57 184 km,Czarny,Używane,Manualna,Unknown,85 900PLN
Golf,1 900 cm³,2003,105 KM,Diesel,Hatchback,332 000 km,Srebrny,Nieuszkodzony,Manualna,Unknown,9 500 zł
Golf,1 390 cm³,2004,90 KM,Benzyna,Hatchback,206 000 km,Srebrny,Nieuszkodzony,Manualna,Unknown,6 000 złdo negocjacji
Golf,1 390 cm3,2008,80 KM,Benzyna,Kompakt,197 500 km,Inny kolor,Używane,Manualna,Niemcy,16 900PLN
Golf,1 595 cm3,2010,102 KM,Benzyna+LPG,Kombi,197 000 km,Inny kolor,Używane,Manualna,Unknown,28 000PLN
Golf,1 598 cm3,2011,105 KM,Diesel,Kompakt,269 085 km,Czarny,Używane,Manualna,Unknown,21 800PLN
Golf,1 900 cm³,2007,105 KM,Diesel,Hatchback,299 200 km,Czarny,Nieuszkodzony,Manualna,Niemcy,13 900 zł
Golf,1 900 cm³,2004,130 KM,Diesel,Kombi,450 000 km,Czarny,Nieuszkodzony,Manualna,Niemcy,10 000 złdo negocjacji
Golf,1 390 cm3,2011,122 KM,Benzyna,Kompakt,221 000 km,Czarny,Używane,Automatyczna,Niemcy,23 900PLN
Golf,1 968 cm3,2016,150 KM,Diesel,Kompakt,127 000 km,Inny kolor,Używane,Automatyczna,Niemcy,58 900PLN
Golf,1 896 cm3,2008,105 KM,Diesel,Auta miejskie,333 505 km,Szary,Używane,Manualna,Niemcy,19 000PLN
Golf,1 595 cm3,2000,100 KM,Benzyna,Kabriolet,154 000 km,Czarny,Używane,Manualna,Unknown,15 800PLN
Golf,1 390 cm3,2002,75 KM,Benzyna,Kompakt,198 000 km,Inny kolor,Używane,Manualna,Unknown,5 399PLN
Golf,1 598 cm³,2016,110 KM,Diesel,Kombi,222 000 km,Szary,Nieuszkodzony,Manualna,Polska,40 900 złdo negocjacji
Golf,1 984 cm³,1995,115 KM,Benzyna,Kabriolet,228 000 km,Biały,Nieuszkodzony,Manualna,Niemcy,21 500 złdo negocjacji
Golf,1 400 cm³,2017,125 KM,Benzyna,Hatchback,145 000 km,Czarny,Nieuszkodzony,Manualna,Belgia,64 000 złdo negocjacji
Golf,1 390 cm3,2003,75 KM,Benzyna+LPG,Auta miejskie,215 000 km,Zielony,Używane,Manualna,Unknown,6 900PLN
Golf,1 595 cm³,2000,Unknown,Benzyna,Kombi,247 068 km,Srebrny,Nieuszkodzony,Automatyczna,Polska,5 000 zł
Golf,1 390 cm³,2010,122 KM,Benzyna,Hatchback,210 000 km,Czarny,Nieuszkodzony,Manualna,Polska,28 500 złdo negocjacji
Golf,1 395 cm3,2010,125 KM,Benzyna,Kompakt,134 000 km,Czarny,Używane,Manualna,Niemcy,22 900PLN
Golf,1 498 cm3,2021,150 KM,Benzyna,Kompakt,39 550 km,Czarny,Używane,Automatyczna,Polska,116 000PLN
Golf,2 cm³,2009,140 KM,Diesel,Hatchback,380 000 km,Czarny,Nieuszkodzony,Manualna,Niemcy,20 500 zł
Golf,1 395 cm3,2013,122 KM,Benzyna,Kombi,170 000 km,Niebieski,Używane,Manualna,Polska,44 500PLN
Golf,1 600 cm³,2009,102 KM,Benzyna,Hatchback,180 000 km,Srebrny,Nieuszkodzony,Manualna,Niemcy,21 500 złdo negocjacji
Golf,1 390 cm3,2009,122 KM,Benzyna,Kompakt,120 467 km,Srebrny,Używane,Automatyczna,Niemcy,23 800PLN
Golf,1 395 cm3,2015,122 KM,Benzyna,Auta miejskie,123 000 km,Czarny,Używane,Automatyczna,Polska,49 500PLN
Golf,1 600 cm³,2012,110 KM,Diesel,Kabriolet,205 888 km,Biały,Nieuszkodzony,Manualna,Niemcy,29 500 złdo negocjacji
Golf,1 598 cm3,2017,115 KM,Diesel,Kombi,212 000 km,Biały,Używane,Automatyczna,Niemcy,49 990PLN
Golf,1 200 cm³,2013,102 KM,Benzyna,Hatchback,240 000 km,Inny kolor,Nieuszkodzony,Manualna,Polska,30 600 zł
Golf,1 984 cm3,2014,300 KM,Benzyna,Kompakt,167 597 km,Biały,Używane,Manualna,Polska,77 000PLN
Golf,1 968 cm3,2009,110 KM,Diesel,Kompakt,141 445 km,Błękitny,Używane,Manualna,Unknown,16 999PLN
Golf,1 598 cm3,2016,110 KM,Diesel,Auta miejskie,154 000 km,Biały,Używane,Manualna,Unknown,21 500PLN
Golf,1 896 cm³,2003,130 KM,Diesel,Hatchback,312 000 km,Czarny,Nieuszkodzony,Manualna,Polska,6 900 złdo negocjacji
Golf,1 197 cm3,2013,105 KM,Benzyna,Kompakt,250 000 km,Szary,Używane,Manualna,Polska,29 900PLN
Golf,1 598 cm3,2011,105 KM,Diesel,Kombi,301 000 km,Biały,Używane,Manualna,Niemcy,15 000PLN
Golf,1 399 cm³,2005,80 KM,Benzyna,Hatchback,225 000 km,Czarny,Nieuszkodzony,Manualna,Niemcy,9 999 zł
Golf,1 400 cm³,2002,85 KM,Benzyna,Hatchback,220 000 km,Czarny,Nieuszkodzony,Manualna,Unknown,4 900 złdo negocjacji
Golf,1 598 cm³,2011,105 KM,Diesel,Kombi,299 000 km,Szary,Nieuszkodzony,Manualna,Polska,23 999 zł
Golf,1 600 cm³,2012,105 KM,Diesel,Kombi,325 000 km,Srebrny,Nieuszkodzony,Manualna,Polska,16 800 zł
Golf,1 600 cm³,2018,115 KM,Diesel,Hatchback,73 000 km,Biały,Nieuszkodzony,Manualna,Niemcy,43 700 zł
Golf,1 390 cm³,1998,75 KM,Benzyna,Hatchback,196 427 km,Czerwony,Nieuszkodzony,Manualna,Polska,3 900 złdo negocjacji
Golf,999 cm3,2019,115 KM,Benzyna,Kompakt,49 500 km,Biały,Używane,Manualna,Unknown,57 000PLN
Golf,1 998 cm³,2008,170 KM,Diesel,Hatchback,236 200 km,Niebieski,Nieuszkodzony,Manualna,Niemcy,16 000 zł
Golf,1 968 cm3,2015,184 KM,Diesel,Kompakt,221 000 km,Czarny,Używane,Automatyczna,Polska,67 900PLN
Golf,1 598 cm3,2013,105 KM,Diesel,Kombi,299 000 km,Szary,Używane,Manualna,Polska,21 500PLN
Golf,1 896 cm3,2007,105 KM,Diesel,Kombi,190 000 km,Granatowy,Używane,Manualna,Unknown,14 900PLN
Golf,1 595 cm3,2006,102 KM,Benzyna+LPG,Auta miejskie,203 000 km,Czarny,Używane,Manualna,Unknown,18 999PLN
Golf,1 598 cm³,1998,100 KM,LPG,Hatchback,340 645 km,Niebieski,Nieuszkodzony,Manualna,Unknown,4 200 złdo negocjacji
Golf,1 968 cm3,2009,110 KM,Diesel,Kompakt,207 150 km,Srebrny,Używane,Manualna,Unknown,22 800PLN
Golf,1 400 cm³,2010,80 KM,Benzyna,Hatchback,197 000 km,Niebieski,Nieuszkodzony,Manualna,Niemcy,17 000 złdo negocjacji
Golf,1 900 cm³,2000,66 KM,Diesel,Kabriolet,108 728 km,Zielony,Nieuszkodzony,Manualna,Polska,13 500 złdo negocjacji
Golf,1 598 cm³,2014,Unknown,Diesel,Hatchback,189 500 km,Czarny,Nieuszkodzony,Manualna,Unknown,36 500 zł
model,eng_cap,prod_year,power,fuel_type,car_body,mileage,color,condition,transmission,origin,price
Golf,16 cm³,2018,115 KM,Diesel,Kombi,115 km,Czarny,Nieuszkodzony,Automatyczna,Polska,58 999 złdo negocjacji
Golf,1 600 cm³,2012,110 KM,Diesel,Hatchback,198 000 km,Zielony,Nieuszkodzony,Manualna,Unknown,26 500 zł
Golf,1 900 cm³,2007,105 KM,Diesel,Hatchback,261 000 km,Inny kolor,Nieuszkodzony,Manualna,Unknown,8 800 zł
Golf,1 598 cm3,2015,105 KM,Diesel,Kombi,215 000 km,Czarny,Używane,Manualna,Polska,37 500PLN
Golf,999 cm³,2019,116 KM,Benzyna,Hatchback,105 000 km,Szary,Nieuszkodzony,Automatyczna,Francja,56 900 złdo negocjacji
Golf,1 896 cm³,1999,110 KM,Diesel,Kombi,462 000 km,Niebieski,Nieuszkodzony,Manualna,Niemcy,3 700 złdo negocjacji
Golf,1 896 cm3,2005,105 KM,Diesel,Auta małe,325 000 km,Czarny,Używane,Manualna,Unknown,8 800PLN
Golf,1 598 cm3,2013,105 KM,Diesel,Kompakt,287 000 km,Czarny,Używane,Manualna,Unknown,28 900PLN
Golf,1 390 cm3,2008,80 KM,Benzyna,Kompakt,271 000 km,Czarny,Używane,Manualna,Niemcy,16 900PLN
Golf,1 598 cm³,2014,105 KM,Diesel,Coupe,352 000 km,Biały,Nieuszkodzony,Manualna,Niemcy,32 000 złdo negocjacji
Golf,1 896 cm3,1998,90 KM,Diesel,Auta małe,297 000 km,Srebrny,Używane,Manualna,Unknown,4 800PLN
Golf,1 598 cm3,2014,105 KM,Diesel,Kompakt,185 000 km,Czarny,Używane,Manualna,Niemcy,38 900PLN
Golf,1 390 cm3,2010,122 KM,Benzyna,Kompakt,171 000 km,Inny kolor,Używane,Manualna,Unknown,30 999PLN
Golf,1 598 cm3,2011,105 KM,Diesel,Kompakt,243 000 km,Czarny,Używane,Manualna,Unknown,16 999PLN
Golf,1 598 cm3,2014,110 KM,Diesel,Minivan,205 500 km,Srebrny,Używane,Manualna,Niemcy,23 900PLN
Golf,1 595 cm3,2006,102 KM,Benzyna,Kompakt,268 152 km,Inny kolor,Używane,Manualna,Niemcy,16 500PLN
Golf,1 390 cm3,2009,80 KM,Benzyna,Auta miejskie,138 000 km,Granatowy,Używane,Manualna,Niemcy,22 900PLN
Golf,1 595 cm3,2005,102 KM,Benzyna,Kombi,258 646 km,Szary,Używane,Manualna,Unknown,12 900PLN
Golf,1 968 cm3,2012,140 KM,Diesel,Kabriolet,121 703 km,Bordowy,Używane,Automatyczna,Niemcy,39 900PLN
Golf,1 598 cm3,2018,115 KM,Diesel,Kombi,258 000 km,Srebrny,Używane,Manualna,Unknown,40 000PLN
Golf,1 896 cm3,2002,101 KM,Diesel,Auta miejskie,340 000 km,Szary,Używane,Manualna,Unknown,5 400PLN
Golf,1 390 cm3,2009,80 KM,Benzyna,Kompakt,154 000 km,Biały,Używane,Manualna,Unknown,22 800PLN
Golf,999 cm3,2019,115 KM,Benzyna,Kombi,130 330 km,Szary,Używane,Manualna,Unknown,51 999PLN
Golf,1 390 cm³,2004,75 KM,Benzyna,Hatchback,216 500 km,Szary,Uszkodzony,Manualna,Unknown,5 800 złdo negocjacji
Golf,1 595 cm3,2005,102 KM,Benzyna,Auta miejskie,212 000 km,Czarny,Używane,Manualna,Niemcy,12 222PLN
Golf,999 cm³,2020,120 KM,Benzyna,Kombi,111 000 km,Inny kolor,Nieuszkodzony,Manualna,Polska,46 000 zł
Golf,1 968 cm³,2004,140 KM,Diesel,Hatchback,265 343 km,Szary,Nieuszkodzony,Manualna,Niemcy,9 300 zł
Golf,1 900 cm³,2000,110 KM,Diesel,Kombi,327 700 km,Srebrny,Nieuszkodzony,Manualna,Polska,4 500 zł
Golf,2 000 cm³,2000,115 KM,Benzyna,Kabriolet,178 582 km,Niebieski,Nieuszkodzony,Manualna,Niemcy,10 900 zł
Golf,Unknown,2015,115 KM,Elektryczny,Auta miejskie,95 000 km,Czarny,Używane,Automatyczna,Unknown,41 000PLN
Golf,1 390 cm³,2000,75 KM,Benzyna,Hatchback,302 305 km,Niebieski,Nieuszkodzony,Manualna,Polska,3 000 zł
Golf,1 390 cm3,2009,75 KM,Benzyna,Auta miejskie,202 000 km,Czarny,Używane,Manualna,Unknown,18 300PLN
Golf,1 390 cm3,2008,80 KM,Benzyna,Auta małe,168 000 km,Srebrny,Używane,Manualna,Unknown,16 900PLN
Golf,1 598 cm3,2012,105 KM,Diesel,Kombi,106 853 km,Czerwony,Używane,Automatyczna,Unknown,35 000PLN
Golf,1 498 cm3,2019,150 KM,Benzyna,Kompakt,52 550 km,Biały,Używane,Manualna,Polska,80 900PLN
Golf,1 390 cm3,2009,122 KM,Benzyna,Kompakt,250 000 km,Biały,Używane,Manualna,Unknown,19 000PLN
Golf,1 595 cm3,2008,102 KM,Benzyna,Kombi,210 000 km,Srebrny,Używane,Manualna,Unknown,15 900PLN
Golf,1 968 cm3,2008,140 KM,Diesel,Kompakt,236 000 km,Czarny,Używane,Manualna,Unknown,15 500PLN
Golf,1 984 cm3,2014,230 KM,Benzyna,Kompakt,99 672 km,Biały,Używane,Manualna,Włochy,66 500PLN
Golf,1 600 cm³,2007,Unknown,Benzyna,Hatchback,172 000 km,Srebrny,Nieuszkodzony,Manualna,Unknown,18 000 złdo negocjacji
Golf,2 000 cm³,2014,184 KM,Diesel,Hatchback,198 250 km,Biały,Nieuszkodzony,Manualna,Polska,59 900 zł
Golf,1 600 cm³,2005,105 KM,LPG,Hatchback,306 000 km,Niebieski,Nieuszkodzony,Manualna,Niemcy,5 000 złdo negocjacji
Golf,1 595 cm3,1999,100 KM,Benzyna+LPG,Kombi,279 592 km,Srebrny,Używane,Automatyczna,Niemcy,8 200PLN
Golf,1 968 cm3,2015,184 KM,Diesel,Kombi,199 999 km,Czarny,Używane,Automatyczna,Niemcy,49 999PLN
Golf,1 984 cm3,2007,230 KM,Benzyna,Kompakt,237 000 km,Czarny,Używane,Automatyczna,Unknown,29 999PLN
Golf,999 cm3,2020,115 KM,Benzyna,Kombi,122 000 km,Szary,Używane,Manualna,Polska,45 900PLN
Golf,1 197 cm³,2010,105 KM,Benzyna,Hatchback,181 700 km,Czerwony,Nieuszkodzony,Manualna,Polska,21 500 złdo negocjacji
Golf,1 898 cm³,2006,Unknown,Diesel,Hatchback,224 623 km,Srebrny,Nieuszkodzony,Automatyczna,Unknown,13 300 złdo negocjacji
Golf,1 896 cm3,2005,105 KM,Diesel,Kompakt,237 000 km,Czarny,Używane,Manualna,Unknown,10 900PLN
Golf,999 cm3,2021,110 KM,Benzyna,Kompakt,23 000 km,Biały,Używane,Manualna,Polska,74 500PLN
Golf,1 598 cm3,2013,105 KM,Diesel,Kombi,281 000 km,Srebrny,Używane,Manualna,Polska,20 000PLN
Golf,1 390 cm3,2008,140 KM,Benzyna,Kompakt,215 115 km,Granatowy,Używane,Manualna,Niemcy,14 800PLN
model,eng_cap,prod_year,power,fuel_type,car_body,mileage,color,condition,transmission,origin,price
Golf,1 598 cm³,2010,105 KM,Diesel,Kombi,230 000 km,Srebrny,Nieuszkodzony,Automatyczna,Polska,24 444 złdo negocjacji
Golf,14 cm³,2002,55 KM,Benzyna,Hatchback,280 000 km,Srebrny,Nieuszkodzony,Manualna,Niemcy,5 500 złdo negocjacji
Golf,1 400 cm³,2009,80 KM,Benzyna,Hatchback,199 950 km,Niebieski,Nieuszkodzony,Manualna,Niemcy,21 499 złdo negocjacji
Golf,2 000 cm³,2016,150 KM,Diesel,Kombi,249 100 km,Czarny,Nieuszkodzony,Manualna,Polska,54 300 zł
Golf,1 896 cm3,2006,105 KM,Diesel,Kompakt,246 000 km,Srebrny,Używane,Manualna,Niemcy,11 000PLN
Golf,1 598 cm3,2012,105 KM,Diesel,Kombi,278 000 km,Złoty,Używane,Manualna,Szwecja,23 400PLN
Golf,1 999 cm³,2008,140 KM,Diesel,Kombi,230 000 km,Szary,Nieuszkodzony,Manualna,Polska,12 500 zł
Golf,1 968 cm3,2010,140 KM,Diesel,Auta miejskie,178 000 km,Czarny,Używane,Manualna,Niemcy,29 700PLN
Golf,1 390 cm3,2009,160 KM,Benzyna,Minivan,117 025 km,Srebrny,Używane,Manualna,Niemcy,23 800PLN
Golf,1 598 cm3,2015,90 KM,Diesel,Kombi,185 000 km,Czarny,Używane,Manualna,Holandia,37 900PLN
Golf,1 197 cm3,2014,105 KM,Benzyna,Kompakt,175 000 km,Biały,Używane,Manualna,Unknown,35 500PLN
Golf,1 498 cm3,2023,150 KM,Benzyna,Kombi,12 200 km,Biały,Używane,Automatyczna,Polska,129 150PLN
Golf,1 498 cm3,2019,130 KM,Benzyna,Kombi,64 000 km,Czarny,Używane,Manualna,Polska,72 400PLN
Golf,1 598 cm³,2007,102 KM,Benzyna,Hatchback,194 500 km,Czarny,Nieuszkodzony,Manualna,Niemcy,21 500 złdo negocjacji
Golf,1 998 cm³,2003,101 KM,Diesel,Hatchback,220 000 km,Czarny,Nieuszkodzony,Manualna,Polska,8 700 zł
Golf,1 900 cm³,2000,130 KM,Diesel,Kombi,247 000 km,Czarny,Nieuszkodzony,Manualna,Unknown,8 750 zł
Golf,1 896 cm3,2005,100 KM,Diesel,Kombi,249 568 km,Granatowy,Używane,Manualna,Unknown,11 900PLN
Golf,1 600 cm³,2002,102 KM,Benzyna,Hatchback,84 711 km,Szary,Nieuszkodzony,Automatyczna,Niemcy,9 900 zł
Golf,1 390 cm3,2001,75 KM,Benzyna,Auta małe,225 355 km,Srebrny,Używane,Manualna,Niemcy,4 800PLN
Golf,1 390 cm3,2009,80 KM,Benzyna,Kompakt,149 000 km,Srebrny,Używane,Manualna,Niemcy,20 900PLN
Golf,1 968 cm3,2019,150 KM,Diesel,Kompakt,120 685 km,Biały,Używane,Automatyczna,Unknown,79 900PLN
Golf,1 395 cm3,2015,150 KM,Benzyna,Kompakt,115 000 km,Srebrny,Używane,Automatyczna,Polska,60 000PLN
Golf,1 896 cm3,2009,105 KM,Diesel,Kombi,226 000 km,Srebrny,Używane,Manualna,Niemcy,15 900PLN
Golf,1 390 cm3,2009,122 KM,Benzyna,Kompakt,203 150 km,Czarny,Używane,Manualna,Unknown,19 900PLN
Golf,1 800 cm³,1990,98 KM,Benzyna,Kabriolet,214 000 km,Inny kolor,Nieuszkodzony,Manualna,Holandia,49 900 zł
Golf,1 600 cm³,2018,115 KM,Diesel,Kombi,285 000 km,Szary,Nieuszkodzony,Manualna,Polska,42 900 złdo negocjacji
Golf,1 197 cm³,2014,86 KM,Benzyna,Minivan,39 157 km,Szary,Nieuszkodzony,Manualna,Niemcy,45 500 złdo negocjacji
Golf,1 968 cm3,2017,110 KM,Diesel,Kombi,79 800 km,Srebrny,Używane,Automatyczna,Polska,69 000PLN
Golf,1 598 cm³,2011,105 KM,Diesel,Hatchback,270 000 km,Srebrny,Nieuszkodzony,Manualna,Niemcy,22 500 złdo negocjacji
Golf,1 984 cm3,2016,300 KM,Benzyna,Kombi,145 000 km,Brązowy,Używane,Automatyczna,Polska,89 000PLN
Golf,1 968 cm3,2019,150 KM,Diesel,Kombi,88 000 km,Czarny,Używane,Automatyczna,Niemcy,79 500PLN
Golf,1 390 cm3,2005,75 KM,Benzyna,Auta miejskie,185 485 km,Niebieski,Używane,Manualna,Niemcy,11 400PLN
Golf,1 197 cm3,2010,105 KM,Benzyna,Kombi,184 730 km,Niebieski,Używane,Manualna,Niemcy,19 900PLN
Golf,1 498 cm3,2019,130 KM,Benzyna,Kompakt,95 980 km,Szary,Używane,Manualna,Unknown,67 500PLN
Golf,1 390 cm3,2007,122 KM,Benzyna,Kompakt,394 000 km,Czarny,Używane,Manualna,Niemcy,10 000PLN
Golf,1 390 cm3,2010,160 KM,Benzyna,Coupe,243 000 km,Srebrny,Używane,Manualna,Niemcy,26 000PLN
Golf,1 598 cm3,2015,105 KM,Diesel,Kompakt,144 000 km,Szary,Używane,Manualna,Unknown,43 000PLN
Golf,1 600 cm³,2001,105 KM,Benzyna,Hatchback,193 500 km,Żółty – Złoty,Uszkodzony,Manualna,Niemcy,4 500 zł
Golf,1 595 cm³,2006,102 KM,Benzyna,Hatchback,190 045 km,Srebrny,Nieuszkodzony,Manualna,Niemcy,7 999 zł
Golf,1 498 cm3,2019,130 KM,Benzyna,Kombi,64 000 km,Czarny,Używane,Manualna,Polska,72 400PLN
Golf,1 900 cm³,2006,105 KM,Diesel,Hatchback,238 000 km,Srebrny,Nieuszkodzony,Manualna,Unknown,11 900 zł
Golf,1 400 cm³,2008,170 KM,Benzyna,Hatchback,270 000 km,Czarny,Nieuszkodzony,Manualna,Niemcy,18 750 zł
Golf,2 000 cm³,2009,110 KM,Diesel,Hatchback,253 000 km,Czarny,Nieuszkodzony,Manualna,Unknown,14 000 złdo negocjacji
Golf,1 600 cm³,1988,75 KM,Benzyna,Hatchback,241 115 km,Niebieski,Nieuszkodzony,Manualna,Niemcy,4 999 zł
Golf,1 598 cm3,2005,115 KM,Benzyna,Auta miejskie,142 000 km,Srebrny,Używane,Manualna,Unknown,11 000PLN
Golf,1 390 cm3,2010,122 KM,Benzyna,Kompakt,334 953 km,Czerwony,Używane,Manualna,Niemcy,18 900PLN
Golf,1 390 cm3,2008,80 KM,Benzyna,Kompakt,186 900 km,Granatowy,Używane,Manualna,Niemcy,14 900PLN
Golf,1 968 cm³,2008,Unknown,Diesel,Kombi,366 123 km,Srebrny,Nieuszkodzony,Manualna,Polska,12 490 zł
Golf,1 600 cm³,2015,105 KM,Diesel,Kombi,210 000 km,Inny kolor,Nieuszkodzony,Manualna,Niemcy,36 000 złdo negocjacji
Golf,1 395 cm3,2016,125 KM,Benzyna,Kompakt,198 600 km,Srebrny,Używane,Manualna,Niemcy,47 900PLN
Golf,Unknown,2017,184 KM,Diesel,Kombi,192 141 km,Czarny,Nieuszkodzony,Automatyczna,Niemcy,60 900 złdo negocjacji
Golf,1 896 cm3,2007,105 KM,Diesel,Kombi,430 000 km,Czarny,Używane,Manualna,Unknown,4 700PLN
model,eng_cap,prod_year,power,fuel_type,car_body,mileage,color,condition,transmission,origin,price
Golf,1 984 cm³,1999,115 KM,Benzyna,Hatchback,241 000 km,Niebieski,Nieuszkodzony,Manualna,Niemcy,2 399 zł
Golf,1 400 cm³,2009,80 KM,Benzyna,Hatchback,249 000 km,Srebrny,Nieuszkodzony,Manualna,Niemcy,19 500 zł
Golf,1 390 cm³,2010,122 KM,Benzyna,Hatchback,210 000 km,Czarny,Nieuszkodzony,Manualna,Polska,28 500 złdo negocjacji
Golf,1 cm³,1998,Unknown,Benzyna,Hatchback,326 000 km,Niebieski,Nieuszkodzony,Manualna,Polska,4 600 złdo negocjacji
Golf,1 390 cm3,2008,122 KM,Benzyna,Kompakt,213 512 km,Granatowy,Używane,Manualna,Unknown,22 500PLN
Golf,1 598 cm3,2019,115 KM,Diesel,Kombi,186 000 km,Niebieski,Używane,Manualna,Polska,42 900PLN
Golf,1 197 cm3,2014,105 KM,Benzyna,Kombi,148 000 km,Czarny,Używane,Manualna,Holandia,36 000PLN
Golf,1 896 cm3,2003,100 KM,Diesel,Kompakt,298 900 km,Czerwony,Używane,Manualna,Niemcy,6 950PLN
Golf,2 000 cm3,2016,150 KM,Diesel,Kombi,189 000 km,Czarny,Używane,Manualna,Niemcy,46 900PLN
Golf,1 500 cm³,2020,130 KM,Benzyna,Hatchback,26 200 km,Niebieski,Uszkodzony,Manualna,Szwajcaria,55 900 zł
Golf,1 598 cm3,2015,110 KM,Diesel,Kombi,146 690 km,Biały,Używane,Automatyczna,Niemcy,40 900PLN
Golf,1 395 cm3,2016,150 KM,Benzyna,Kombi,138 570 km,Czarny,Używane,Automatyczna,Polska,67 900PLN
Golf,1 896 cm3,2002,90 KM,Diesel,Kombi,430 000 km,Srebrny,Używane,Manualna,Niemcy,4 000PLN
Golf,Unknown,2017,184 KM,Diesel,Kombi,192 141 km,Czarny,Nieuszkodzony,Automatyczna,Niemcy,60 900 złdo negocjacji
Golf,1 598 cm³,2002,110 KM,Benzyna,Hatchback,262 000 km,Zielony,Nieuszkodzony,Manualna,Unknown,3 500 złdo negocjacji
Golf,1 998 cm³,2003,101 KM,Diesel,Hatchback,220 000 km,Czarny,Nieuszkodzony,Manualna,Polska,8 700 zł
Golf,1 390 cm3,2005,80 KM,Benzyna,Auta miejskie,171 000 km,Srebrny,Używane,Manualna,Niemcy,12 500PLN
Golf,1 598 cm³,2019,115 KM,Diesel,Kombi,247 000 km,Srebrny,Nieuszkodzony,Automatyczna,Niemcy,42 900 zł
Golf,1 395 cm3,2017,150 KM,Benzyna,Auta małe,63 130 km,Czarny,Używane,Automatyczna,Polska,63 700PLN
Golf,1 390 cm3,2010,160 KM,Benzyna,Kompakt,178 000 km,Czarny,Używane,Manualna,Holandia,25 900PLN
Golf,1 896 cm³,2008,105 KM,Diesel,Kombi,387 000 km,Czarny,Nieuszkodzony,Manualna,Unknown,7 000 złdo negocjacji
Golf,1 968 cm3,2007,140 KM,Diesel,Kompakt,360 000 km,Czarny,Używane,Manualna,Unknown,11 000PLN
Golf,1 968 cm3,2015,150 KM,Diesel,Kompakt,150 000 km,Niebieski,Używane,Automatyczna,Unknown,49 500PLN
Golf,1 197 cm3,2011,105 KM,Benzyna,Kompakt,170 000 km,Granatowy,Używane,Manualna,Niemcy,26 600PLN
Golf,1 598 cm3,2012,105 KM,Diesel,Kombi,196 350 km,Biały,Używane,Manualna,Niemcy,21 300PLN
Golf,1 600 cm³,2013,105 KM,Diesel,Hatchback,172 500 km,Czarny,Nieuszkodzony,Manualna,Unknown,33 900 zł
Golf,1 598 cm3,2013,105 KM,Diesel,Kombi,246 000 km,Srebrny,Używane,Manualna,Polska,28 000PLN
Golf,1 600 cm³,2009,102 KM,Benzyna,Hatchback,230 000 km,Szary,Nieuszkodzony,Manualna,Unknown,14 999 złdo negocjacji
Golf,1 900 cm³,2004,105 KM,Diesel,Hatchback,330 452 km,Czarny,Nieuszkodzony,Manualna,Inny,9 900 złdo negocjacji
Golf,1 390 cm3,2011,122 KM,Benzyna,Kompakt,161 000 km,Biały,Używane,Automatyczna,Francja,17 900PLN
Golf,1 600 cm³,2009,90 KM,Diesel,Hatchback,282 000 km,Srebrny,Nieuszkodzony,Manualna,Unknown,19 800 złdo negocjacji
Golf,1 400 cm³,1998,Unknown,Benzyna,Hatchback,156 000 km,Zielony,Nieuszkodzony,Manualna,Polska,2 400 złdo negocjacji
Golf,1 390 cm3,2009,80 KM,Benzyna,Kompakt,117 000 km,Srebrny,Używane,Manualna,Unknown,24 999PLN
Golf,1 390 cm3,2009,122 KM,Benzyna,Kompakt,183 000 km,Czarny,Używane,Manualna,Niemcy,23 500PLN
Golf,1 498 cm3,2021,130 KM,Benzyna,Kombi,160 000 km,Biały,Używane,Manualna,Polska,65 000PLN
Golf,1 900 cm³,2005,130 KM,Diesel,Kombi,400 km,Srebrny,Nieuszkodzony,Manualna,Niemcy,3 800 zł
Golf,1 968 cm3,2024,115 KM,Diesel,Kombi,10 km,Srebrny,Nowe,Manualna,Unknown,132 200PLN
Golf,1 457 cm3,1975,70 KM,Benzyna,Auta małe,149 000 km,Zielony,Używane,Manualna,Unknown,23 700PLN
Golf,1 896 cm3,2004,105 KM,Diesel,Kompakt,253 000 km,Czarny,Używane,Automatyczna,Niemcy,22 800PLN
Golf,1 400 cm³,2008,170 KM,Benzyna,Hatchback,270 000 km,Czarny,Nieuszkodzony,Manualna,Niemcy,18 750 zł
Golf,1 984 cm3,2004,150 KM,Benzyna,Auta miejskie,299 689 km,Niebieski,Używane,Manualna,Unknown,9 900PLN
Golf,1 999 cm³,2008,140 KM,Diesel,Kombi,230 000 km,Szary,Nieuszkodzony,Manualna,Polska,12 500 zł
Golf,1 390 cm3,2008,80 KM,Benzyna,Auta miejskie,188 693 km,Granatowy,Używane,Manualna,Unknown,14 500PLN
Golf,1 968 cm3,2011,140 KM,Diesel,Kombi,376 700 km,Czarny,Używane,Manualna,Niemcy,22 000PLN
Golf,1 800 cm³,1998,200 KM,Benzyna,Hatchback,278 000 km,Czarny,Nieuszkodzony,Manualna,Unknown,9 500 złdo negocjacji
Golf,1 457 cm3,1977,70 KM,Benzyna,Auta małe,183 855 km,Czerwony,Używane,Manualna,Unknown,17 700PLN
Golf,2 000 cm³,2008,Unknown,Diesel,Kombi,340 000 km,Szary,Nieuszkodzony,Manualna,Polska,9 999 zł
Golf,1 598 cm3,2003,105 KM,Benzyna,Kompakt,188 000 km,Czarny,Używane,Manualna,Unknown,8 500PLN
Golf,1 390 cm³,2003,75 KM,Benzyna,Hatchback,183 000 km,Czarny,Nieuszkodzony,Manualna,Niemcy,9 950 złdo negocjacji
Golf,1 900 cm³,2007,105 KM,Diesel,Kombi,245 000 km,Czarny,Nieuszkodzony,Manualna,Unknown,12 500 zł
Golf,1 600 cm³,1998,101 KM,Benzyna,Hatchback,261 600 km,Czarny,Nieuszkodzony,Manualna,Polska,6 500 złdo negocjacji
Golf,1 598 cm3,2010,105 KM,Diesel,Kompakt,210 523 km,Biały,Używane,Manualna,Unknown,11 500PLN
model,eng_cap,prod_year,power,fuel_type,car_body,mileage,color,condition,transmission,origin,price
Golf,1 498 cm3,2021,130 KM,Benzyna,Kombi,52 276 km,Szary,Używane,Manualna,Unknown,82 900PLN
Golf,2 000 cm³,2009,110 KM,Diesel,Hatchback,262 879 km,Czarny,Nieuszkodzony,Manualna,Polska,19 000 złdo negocjacji
Golf,1 197 cm³,2010,86 KM,Benzyna,Hatchback,160 738 km,Biały,Nieuszkodzony,Manualna,Niemcy,20 500 złdo negocjacji
Golf,3 189 cm3,2006,250 KM,Benzyna,Kompakt,197 700 km,Srebrny,Używane,Automatyczna,Dania,53 900PLN
Golf,1 996 cm³,2009,170 KM,Diesel,Hatchback,280 000 km,Czarny,Nieuszkodzony,Automatyczna,Unknown,21 500 złdo negocjacji
Golf,1 896 cm3,2009,105 KM,Diesel,Kombi,327 000 km,Srebrny,Używane,Manualna,Unknown,14 999PLN
Golf,1 968 cm3,2016,150 KM,Diesel,Kombi,208 000 km,Biały,Używane,Automatyczna,Unknown,49 800PLN
Golf,1 598 cm3,2005,115 KM,Benzyna,Auta miejskie,193 656 km,Srebrny,Używane,Automatyczna,Unknown,9 999PLN
Golf,1 896 cm3,2008,105 KM,Diesel,Auta miejskie,112 000 km,Srebrny,Używane,Manualna,Unknown,15 900PLN
Golf,1 600 cm³,1992,70 KM,LPG,Sedan,342 000 km,Biały,Nieuszkodzony,Manualna,Niemcy,3 400 zł
Golf,1 197 cm3,2016,110 KM,Benzyna,Kombi,228 400 km,Biały,Używane,Manualna,Polska,28 500PLN
Golf,1 390 cm3,2012,122 KM,Benzyna,Kompakt,236 150 km,Srebrny,Używane,Manualna,Niemcy,30 500PLN
Golf,1 781 cm³,1991,107 KM,Benzyna,Hatchback,1 km,Niebieski,Uszkodzony,Manualna,Unknown,15 000 złdo negocjacji
Golf,1 600 cm³,2015,110 KM,Diesel,Hatchback,179 627 km,Srebrny,Nieuszkodzony,Manualna,Niemcy,44 900 zł
Golf,1 595 cm³,2006,102 KM,Benzyna,Hatchback,190 045 km,Srebrny,Nieuszkodzony,Manualna,Niemcy,7 999 zł
Golf,1 598 cm³,2013,105 KM,Diesel,Kombi,267 000 km,Czarny,Nieuszkodzony,Automatyczna,Niemcy,26 200 zł
Golf,1 984 cm3,2005,200 KM,Benzyna,Kompakt,231 000 km,Czerwony,Używane,Manualna,Unknown,18 499PLN
Golf,1 498 cm3,2020,130 KM,Benzyna,Kompakt,132 000 km,Biały,Używane,Manualna,Polska,58 917PLN
Golf,1 600 cm³,2000,101 KM,Benzyna,Kombi,320 000 km,Czarny,Nieuszkodzony,Manualna,Polska,4 900 zł
Golf,1 598 cm3,2017,115 KM,Diesel,Kombi,209 000 km,Biały,Używane,Manualna,Niemcy,37 900PLN
Golf,1 900 cm³,2007,105 KM,Diesel,Hatchback,320 000 km,Niebieski,Nieuszkodzony,Manualna,Polska,10 000 złdo negocjacji
Golf,1 896 cm3,2005,90 KM,Diesel,Auta miejskie,297 148 km,Niebieski,Używane,Manualna,Unknown,12 500PLN
Golf,1 598 cm3,2010,105 KM,Diesel,Kompakt,212 000 km,Czarny,Używane,Manualna,Unknown,21 900PLN
Golf,1 400 cm³,2008,Unknown,Benzyna,Hatchback,238 000 km,Srebrny,Nieuszkodzony,Manualna,Niemcy,17 000 złdo negocjacji
Golf,1 395 cm3,2009,122 KM,Benzyna,Kompakt,143 000 km,Czarny,Używane,Manualna,Unknown,19 600PLN
Golf,1 595 cm3,2009,102 KM,Benzyna,Coupe,261 000 km,Biały,Używane,Manualna,Unknown,13 500PLN
Golf,Unknown,2005,216 KM,Benzyna,Hatchback,166 104 km,Czerwony,Nieuszkodzony,Manualna,Stany Zjednoczone,20 500 zł
Golf,1 595 cm³,2000,Unknown,Benzyna,Kombi,247 068 km,Srebrny,Nieuszkodzony,Automatyczna,Polska,5 000 zł
Golf,Unknown,2005,105 KM,Diesel,Hatchback,305 000 km,Srebrny,Nieuszkodzony,Manualna,Włochy,10 499 złdo negocjacji
Golf,1 798 cm3,2016,180 KM,Benzyna,Kompakt,145 000 km,Biały,Używane,Automatyczna,Unknown,39 999PLN
Golf,1 598 cm3,2014,105 KM,Diesel,Kombi,374 600 km,Czarny,Używane,Manualna,Polska,29 500PLN
Golf,1 400 cm³,2001,Unknown,Benzyna,Hatchback,207 836 km,Inny kolor,Nieuszkodzony,Manualna,Unknown,8 500 złdo negocjacji
Golf,1 595 cm3,2006,102 KM,Benzyna,Kompakt,268 152 km,Inny kolor,Używane,Manualna,Niemcy,16 500PLN
Golf,1 968 cm3,2014,150 KM,Diesel,Kombi,310 000 km,Niebieski,Używane,Manualna,Polska,38 500PLN
Golf,1 598 cm3,2003,105 KM,Benzyna,Kompakt,265 000 km,Czarny,Używane,Manualna,Niemcy,5 000PLN
Golf,1 400 cm³,2017,150 KM,Benzyna,Minivan,48 800 km,Srebrny,Nieuszkodzony,Manualna,Polska,74 000 złdo negocjacji
Golf,1 395 cm3,2013,140 KM,Benzyna,Kompakt,215 350 km,Czarny,Używane,Automatyczna,Niemcy,39 100PLN
Golf,1 984 cm3,2018,310 KM,Benzyna,Auta miejskie,74 018 km,Szary,Używane,Automatyczna,Niemcy,147 000PLN
Golf,1 197 cm3,2014,86 KM,Benzyna,Kompakt,196 070 km,Niebieski,Używane,Manualna,Niemcy,36 900PLN
Golf,Unknown,1987,75 KM,Benzyna,Kabriolet,170 000 km,Inny kolor,Nieuszkodzony,Manualna,Szwecja,31 500 zł
Golf,1 896 cm³,2002,101 KM,Diesel,Kombi,317 000 km,Srebrny,Nieuszkodzony,Manualna,Unknown,3 490 zł
Golf,1 984 cm3,2007,200 KM,Benzyna,Kompakt,247 000 km,Srebrny,Używane,Automatyczna,Unknown,27 700PLN
Golf,1 390 cm3,2012,160 KM,Benzyna,Auta miejskie,156 100 km,Biały,Używane,Manualna,Unknown,27 990PLN
Golf,1 998 cm³,2003,101 KM,Diesel,Hatchback,220 000 km,Czarny,Nieuszkodzony,Manualna,Polska,8 700 zł
Golf,1 598 cm3,2000,105 KM,Benzyna,Kompakt,278 000 km,Niebieski,Używane,Manualna,Niemcy,8 600PLN
Golf,1 390 cm3,2009,122 KM,Benzyna,Kombi,198 000 km,Czarny,Używane,Manualna,Niemcy,16 700PLN
Golf,1 498 cm3,2021,150 KM,Benzyna,Kombi,44 000 km,Biały,Używane,Automatyczna,Unknown,105 000PLN
Golf,1 400 cm³,2015,125 KM,Benzyna,Kombi,230 000 km,Czarny,Nieuszkodzony,Manualna,Polska,34 000 złdo negocjacji
Golf,1 968 cm3,2020,150 KM,Diesel,Kompakt,37 000 km,Inny kolor,Używane,Automatyczna,Unknown,115 000PLN
Golf,1 598 cm3,2016,110 KM,Diesel,Kombi,137 429 km,Czarny,Używane,Manualna,Polska,45 600PLN
Golf,1 498 cm3,2020,150 KM,Benzyna,Kombi,158 000 km,Czarny,Używane,Automatyczna,Polska,51 900PLN
Golf,1 498 cm3,2024,130 KM,Benzyna,Kompakt,1 km,Niebieski,Nowe,Automatyczna,Polska,147 910PLN
model,eng_cap,prod_year,power,fuel_type,car_body,mileage,color,condition,transmission,origin,price
Golf,1 400 cm³,2014,140 KM,Benzyna,Kombi,202 000 km,Żółty – Złoty,Nieuszkodzony,Automatyczna,Niemcy,38 500 złdo negocjacji
Golf,1 890 cm³,2005,105 KM,Diesel,Hatchback,448 000 km,Czarny,Nieuszkodzony,Manualna,Niemcy,8 900 złdo negocjacji
Golf,1 400 cm³,1999,75 KM,Benzyna,Hatchback,205 000 km,Czarny,Nieuszkodzony,Manualna,Unknown,5 900 złdo negocjacji
Golf,1 900 cm³,2004,105 KM,Diesel,Hatchback,330 452 km,Czarny,Nieuszkodzony,Manualna,Inny,9 900 złdo negocjacji
Golf,1 595 cm³,1999,101 KM,Benzyna,Hatchback,267 000 km,Żółty – Złoty,Nieuszkodzony,Manualna,Niemcy,6 900 złdo negocjacji
Golf,1 390 cm3,2001,75 KM,Benzyna,Kompakt,273 842 km,Zielony,Używane,Manualna,Niemcy,4 900PLN
Golf,1 390 cm3,2008,140 KM,Benzyna,Kombi,234 000 km,Srebrny,Używane,Automatyczna,Unknown,18 000PLN
Golf,1 896 cm3,2002,100 KM,Diesel,Kombi,370 100 km,Granatowy,Używane,Manualna,Unknown,4 000PLN
Golf,1 598 cm3,2019,115 KM,Diesel,Kompakt,88 000 km,Czarny,Używane,Manualna,Francja,27 500PLN
Golf,1 598 cm3,2012,105 KM,Diesel,Kompakt,239 400 km,Srebrny,Używane,Manualna,Unknown,27 999PLN
Golf,1 896 cm3,2009,105 KM,Diesel,Kombi,190 000 km,Szary,Używane,Manualna,Unknown,10 900PLN
Golf,1 598 cm³,2009,102 KM,Benzyna,Hatchback,184 000 km,Szary,Nieuszkodzony,Manualna,Niemcy,27 900 zł
Golf,1 395 cm3,2016,125 KM,Benzyna,Kompakt,194 000 km,Biały,Używane,Manualna,Polska,52 600PLN
Golf,2 000 cm³,2009,110 KM,Diesel,Hatchback,277 000 km,Szary,Nieuszkodzony,Manualna,Niemcy,22 500 zł
Golf,1 400 cm³,2000,75 KM,Benzyna,Hatchback,250 000 km,Srebrny,Nieuszkodzony,Manualna,Niemcy,1 490 zł
Golf,1 859 cm³,2006,110 KM,Diesel,Kombi,282 000 km,Srebrny,Nieuszkodzony,Manualna,Polska,4 490 zł
Golf,1 390 cm3,2013,122 KM,Benzyna,Kombi,165 659 km,Czarny,Używane,Manualna,Polska,34 900PLN
Golf,1 798 cm3,2009,160 KM,Benzyna,Kompakt,198 566 km,Biały,Używane,Manualna,Unknown,26 500PLN
Golf,1 598 cm³,2013,105 KM,Diesel,Kombi,231 000 km,Srebrny,Nieuszkodzony,Manualna,Niemcy,22 500 złdo negocjacji
Golf,1 598 cm3,2019,115 KM,Diesel,Kompakt,32 169 km,Czarny,Używane,Manualna,Francja,39 900PLN
Golf,1 900 cm³,2006,105 KM,Diesel,Hatchback,195 000 km,Srebrny,Nieuszkodzony,Manualna,Niemcy,7 799 złdo negocjacji
Golf,999 cm3,2021,110 KM,Benzyna,Kompakt,46 600 km,Biały,Używane,Manualna,Polska,76 998PLN
Golf,2 000 cm³,2017,150 KM,Diesel,Hatchback,182 100 km,Inny kolor,Nieuszkodzony,Automatyczna,Unknown,79 900 zł
Golf,1 896 cm3,2008,105 KM,Diesel,Kompakt,249 000 km,Biały,Używane,Manualna,Unknown,14 900PLN
Golf,1 598 cm3,2018,115 KM,Diesel,Kombi,195 000 km,Srebrny,Używane,Manualna,Polska,43 900PLN
Golf,1 984 cm3,2021,319 KM,Benzyna,Kompakt,41 000 km,Czarny,Używane,Automatyczna,Unknown,189 000PLN
Golf,2 000 cm³,2013,190 KM,Diesel,Hatchback,167 000 km,Biały,Nieuszkodzony,Automatyczna,Niemcy,59 000 złdo negocjacji
Golf,1 200 cm³,2011,105 KM,Benzyna,Hatchback,168 456 km,Szary,Nieuszkodzony,Manualna,Niemcy,23 900 zł
Golf,1 984 cm3,2014,230 KM,Benzyna,Kompakt,45 000 km,Szary,Używane,Manualna,Niemcy,65 900PLN
Golf,1 598 cm3,2013,105 KM,Diesel,Kombi,254 000 km,Czarny,Używane,Automatyczna,Niemcy,28 700PLN
Golf,1 395 cm3,2016,125 KM,Benzyna,Kompakt,249 000 km,Czarny,Używane,Manualna,Polska,38 999PLN
Golf,1 400 cm³,2004,88 KM,Benzyna,Hatchback,220 000 km,Czarny,Nieuszkodzony,Manualna,Unknown,10 999 złdo negocjacji
Golf,1 896 cm3,1998,68 KM,Diesel,Kompakt,290 000 km,Granatowy,Używane,Manualna,Unknown,4 400PLN
Golf,1 600 cm³,2014,110 KM,Diesel,Kombi,492 000 km,Biały,Nieuszkodzony,Automatyczna,Szwajcaria,26 900 złdo negocjacji
Golf,999 cm3,2021,110 KM,Benzyna,Kompakt,49 800 km,Czarny,Używane,Manualna,Polska,79 200PLN
Golf,1 896 cm3,2001,90 KM,Diesel,Kompakt,118 000 km,Niebieski,Używane,Automatyczna,Unknown,3 000PLN
Golf,1 896 cm³,2008,90 KM,Diesel,Hatchback,318 000 km,Srebrny,Nieuszkodzony,Manualna,Unknown,15 400 złdo negocjacji
Golf,1 896 cm3,2008,105 KM,Diesel,Kombi,292 000 km,Srebrny,Używane,Manualna,Polska,13 999PLN
Golf,1 968 cm3,2013,150 KM,Diesel,Kompakt,156 000 km,Szary,Używane,Manualna,Unknown,54 000PLN
Golf,1 400 cm³,2003,75 KM,Benzyna,Hatchback,166 000 km,Zielony,Nieuszkodzony,Manualna,Niemcy,6 000 złdo negocjacji
Golf,1 390 cm³,1999,75 KM,Benzyna,Hatchback,194 450 km,Srebrny,Nieuszkodzony,Manualna,Niemcy,4 400 złdo negocjacji
Golf,1 400 cm³,2009,80 KM,Benzyna,Hatchback,144 000 km,Czarny,Nieuszkodzony,Manualna,Niemcy,17 490 złdo negocjacji
Golf,1 595 cm3,2009,102 KM,Benzyna+LPG,Kompakt,293 000 km,Czarny,Używane,Manualna,Unknown,24 500PLN
Golf,1 598 cm3,2012,105 KM,Diesel,Kompakt,208 000 km,Srebrny,Używane,Manualna,Unknown,31 500PLN
Golf,1 600 cm³,2001,Unknown,Benzyna,Hatchback,139 923 km,Niebieski,Nieuszkodzony,Manualna,Niemcy,6 950 złdo negocjacji
Golf,1 900 cm³,2005,140 KM,Diesel,Hatchback,372 000 km,Srebrny,Nieuszkodzony,Manualna,Niemcy,10 900 zł
Golf,1 968 cm3,2009,170 KM,Diesel,Kompakt,313 000 km,Biały,Używane,Automatyczna,Unknown,35 000PLN
Golf,1 390 cm3,2009,122 KM,Benzyna,Kompakt,231 720 km,Srebrny,Używane,Manualna,Polska,18 900PLN
Golf,1 984 cm3,2016,245 KM,Benzyna,Kompakt,117 000 km,Biały,Używane,Automatyczna,Stany Zjednoczone,76 900PLN
Golf,1 896 cm3,2005,90 KM,Diesel,Kompakt,271 600 km,Granatowy,Używane,Manualna,Unknown,12 000PLN
Golf,1 968 cm3,2008,140 KM,Diesel,Kompakt,106 000 km,Szary,Używane,Manualna,Unknown,27 900PLN
Golf,1 968 cm3,2013,150 KM,Diesel,Kompakt,160 000 km,Czarny,Używane,Manualna,Unknown,41 700PLN
model,eng_cap,prod_year,power,fuel_type,car_body,mileage,color,condition,transmission,origin,price
Golf,1 900 cm³,2004,101 KM,Diesel,Kombi,24 000 km,Srebrny,Uszkodzony,Manualna,Niemcy,2 000 zł
Golf,2 000 cm³,2013,190 KM,Diesel,Hatchback,167 000 km,Biały,Nieuszkodzony,Automatyczna,Niemcy,59 000 złdo negocjacji
Golf,1 900 cm³,2005,105 KM,Diesel,Hatchback,266 500 km,Niebieski,Nieuszkodzony,Automatyczna,Niemcy,17 999 zł
Golf,1 390 cm3,2004,90 KM,Benzyna,Kompakt,149 000 km,Niebieski,Używane,Manualna,Unknown,13 900PLN
Golf,1 400 cm³,2015,150 KM,Benzyna,Minivan,132 000 km,Brązowy – Beżowy,Nieuszkodzony,Automatyczna,Polska,47 000 złdo negocjacji
Golf,1 197 cm3,2013,105 KM,Benzyna,Kompakt,128 233 km,Biały,Używane,Manualna,Niemcy,36 900PLN
Golf,1 197 cm3,2013,105 KM,Benzyna,Kompakt,128 233 km,Biały,Używane,Manualna,Niemcy,36 900PLN
Golf,2 000 cm³,2010,140 KM,Diesel,Kombi,361 000 km,Inny kolor,Nieuszkodzony,Manualna,Unknown,17 500 złdo negocjacji
Golf,1 598 cm3,2019,115 KM,Diesel,Kompakt,67 960 km,Czarny,Używane,Automatyczna,Polska,77 900PLN
Golf,1 390 cm3,2004,75 KM,Benzyna,Kompakt,248 666 km,Srebrny,Używane,Manualna,Niemcy,7 500PLN
Golf,1 598 cm³,2012,105 KM,Diesel,Hatchback,144 500 km,Czarny,Uszkodzony,Manualna,Belgia,22 000 złdo negocjacji
Golf,2 cm³,2005,200 KM,Benzyna,Coupe,263 km,Czerwony,Nieuszkodzony,Manualna,Niemcy,22 500 złdo negocjacji
Golf,1 500 cm³,2021,131 KM,Benzyna,Hatchback,6 500 km,Czerwony,Nieuszkodzony,Manualna,Niemcy,88 000 złdo negocjacji
Golf,1 400 cm³,2009,80 KM,Benzyna,Hatchback,144 000 km,Czarny,Nieuszkodzony,Manualna,Niemcy,17 490 złdo negocjacji
Golf,1 968 cm3,2017,110 KM,Diesel,Kombi,79 800 km,Srebrny,Używane,Automatyczna,Polska,69 000PLN
Golf,1 390 cm3,2010,122 KM,Benzyna,Kompakt,334 953 km,Czerwony,Używane,Manualna,Niemcy,18 900PLN
Golf,1 984 cm3,2019,245 KM,Benzyna,Kompakt,60 000 km,Czarny,Używane,Automatyczna,Francja,48 800PLN
Golf,1 598 cm3,2011,105 KM,Diesel,Kombi,231 200 km,Srebrny,Używane,Manualna,Niemcy,23 900PLN
Golf,1 968 cm3,2015,150 KM,Diesel,Kombi,88 400 km,Bordowy,Używane,Manualna,Unknown,52 800PLN
Golf,1 598 cm3,2016,90 KM,Diesel,Kombi,129 350 km,Srebrny,Używane,Manualna,Polska,40 900PLN
Golf,1 498 cm3,2020,150 KM,Benzyna,Kompakt,64 000 km,Szary,Używane,Manualna,Polska,89 900PLN
Golf,1 595 cm3,1998,100 KM,Benzyna,Kompakt,248 512 km,Czarny,Używane,Automatyczna,Polska,5 600PLN
Golf,1 896 cm3,2008,105 KM,Diesel,Kompakt,372 000 km,Srebrny,Używane,Manualna,Belgia,16 500PLN
Golf,1 896 cm3,2004,105 KM,Diesel,Kompakt,277 620 km,Zielony,Używane,Manualna,Unknown,6 700PLN
Golf,1 900 cm³,2008,105 KM,Diesel,Hatchback,320 000 km,Inny kolor,Nieuszkodzony,Manualna,Niemcy,8 000 złdo negocjacji
Golf,14 cm³,2006,80 KM,Benzyna,Hatchback,246 km,Inny kolor,Nieuszkodzony,Manualna,Polska,6 000 złdo negocjacji
Golf,1 984 cm³,2014,235 KM,Benzyna,Hatchback,195 000 km,Szary,Nieuszkodzony,Automatyczna,Stany Zjednoczone,67 900 złdo negocjacji
Golf,1 595 cm³,2008,102 KM,Benzyna,Kombi,202 567 km,Szary,Nieuszkodzony,Manualna,Niemcy,12 900 zł
Golf,1 600 cm³,2009,102 KM,Benzyna,Hatchback,214 000 km,Czarny,Nieuszkodzony,Manualna,Niemcy,27 100 złdo negocjacji
Golf,1 390 cm3,2011,122 KM,Benzyna,Kompakt,214 500 km,Szary,Używane,Manualna,Polska,24 900PLN
Golf,1 896 cm3,2006,105 KM,Diesel,Kompakt,384 632 km,Szary,Używane,Manualna,Niemcy,12 900PLN
Golf,1 390 cm3,2010,160 KM,Benzyna,Coupe,222 000 km,Biały,Używane,Manualna,Unknown,27 499PLN
Golf,1 390 cm3,2010,160 KM,Benzyna,Kombi,167 000 km,Szary,Używane,Manualna,Polska,21 500PLN
Golf,Unknown,2000,Unknown,LPG,Kombi,281 km,Zielony,Nieuszkodzony,Manualna,Unknown,3 500 zł
Golf,1 984 cm3,2015,230 KM,Benzyna,Kompakt,140 000 km,Granatowy,Używane,Automatyczna,Unknown,67 000PLN
Golf,1 896 cm3,2006,90 KM,Diesel,Auta miejskie,295 000 km,Inny kolor,Używane,Manualna,Unknown,12 900PLN
Golf,1 900 cm³,2004,105 KM,Diesel,Hatchback,300 km,Srebrny,Nieuszkodzony,Manualna,Niemcy,4 000 złdo negocjacji
Golf,1 598 cm3,2016,110 KM,Diesel,Kombi,183 000 km,Czarny,Używane,Manualna,Niemcy,44 500PLN
Golf,1 390 cm3,2003,75 KM,Benzyna,Kompakt,220 315 km,Srebrny,Używane,Manualna,Niemcy,9 200PLN
Golf,Unknown,1997,Unknown,Benzyna,Hatchback,265 893 km,Zielony,Nieuszkodzony,Manualna,Unknown,2 900 złdo negocjacji
Golf,1 197 cm3,2013,86 KM,Benzyna,Kompakt,58 000 km,Granatowy,Używane,Manualna,Polska,39 000PLN
Golf,1 896 cm³,2007,105 KM,Diesel,Kombi,309 000 km,Szary,Nieuszkodzony,Manualna,Polska,8 000 złdo negocjacji
Golf,1 968 cm3,2014,150 KM,Diesel,Kombi,307 000 km,Szary,Używane,Automatyczna,Niemcy,38 990PLN
Golf,1 600 cm³,2018,115 KM,Diesel,Kombi,227 000 km,Brązowy – Beżowy,Nieuszkodzony,Manualna,Polska,43 500 zł
Golf,1 968 cm³,2019,150 KM,Diesel,Hatchback,95 000 km,Srebrny,Nieuszkodzony,Automatyczna,Niemcy,56 000 zł
Golf,1 390 cm3,2007,80 KM,Benzyna+LPG,Kompakt,196 000 km,Granatowy,Używane,Manualna,Polska,12 900PLN
Golf,1 900 cm³,2008,105 KM,Diesel,Kombi,336 000 km,Srebrny,Nieuszkodzony,Manualna,Unknown,11 500 zł
Golf,1 896 cm³,2006,1 KM,Diesel,Hatchback,227 000 km,Inny kolor,Nieuszkodzony,Manualna,Niemcy,13 400 zł
Golf,1 598 cm3,2016,110 KM,Diesel,Kombi,130 676 km,Czerwony,Używane,Manualna,Unknown,49 900PLN
Golf,1 600 cm³,1999,100 KM,Benzyna,Hatchback,270 000 km,Srebrny,Nieuszkodzony,Manualna,Niemcy,5 500 złdo negocjacji
Golf,1 390 cm³,2005,1 KM,Benzyna,Hatchback,213 000 km,Niebieski,Nieuszkodzony,Manualna,Polska,6 100 zł
Golf,140 cm³,2007,140 KM,Diesel,Kombi,310 000 km,Srebrny,Nieuszkodzony,Manualna,Niemcy,11 000 złdo negocjacji
model,eng_cap,prod_year,power,fuel_type,car_body,mileage,color,condition,transmission,origin,price
Golf,1 400 cm³,2012,122 KM,Benzyna,Hatchback,117 000 km,Czarny,Uszkodzony,Automatyczna,Niemcy,23 000 zł
Golf,1 400 cm³,1994,Unknown,Benzyna,Hatchback,337 000 km,Czerwony,Nieuszkodzony,Manualna,Unknown,2 200 złdo negocjacji
Golf,1 600 cm³,2009,102 KM,Benzyna,Hatchback,180 000 km,Srebrny,Nieuszkodzony,Manualna,Niemcy,21 500 złdo negocjacji
Golf,999 cm3,2018,110 KM,Benzyna,Kombi,193 540 km,Szary,Używane,Manualna,Unknown,33 900PLN
Golf,1 400 cm³,2009,122 KM,Benzyna,Hatchback,203 000 km,Szary,Uszkodzony,Manualna,Niemcy,14 900 złdo negocjacji
Golf,Unknown,2008,Unknown,Diesel,Kombi,323 000 km,Biały,Nieuszkodzony,Manualna,Polska,6 399 zł
Golf,1 984 cm3,2015,230 KM,Benzyna,Kompakt,99 889 km,Biały,Używane,Automatyczna,Niemcy,49 900PLN
Golf,1 968 cm3,2014,184 KM,Diesel,Kompakt,230 000 km,Inny kolor,Używane,Manualna,Unknown,59 000PLN
Golf,1 390 cm3,2007,140 KM,Benzyna,Kompakt,153 142 km,Granatowy,Używane,Automatyczna,Niemcy,18 000PLN
Golf,1 968 cm3,2011,140 KM,Diesel,Kombi,285 000 km,Srebrny,Używane,Automatyczna,Unknown,25 900PLN
Golf,1 594 cm³,2005,105 KM,Benzyna,Hatchback,191 140 km,Czarny,Nieuszkodzony,Manualna,Niemcy,9 500 złdo negocjacji
Golf,1 600 cm³,1998,105 KM,LPG,Hatchback,216 000 km,Srebrny,Nieuszkodzony,Manualna,Unknown,4 800 zł
Golf,1 968 cm3,2016,184 KM,Diesel,Kombi,210 000 km,Biały,Używane,Automatyczna,Unknown,69 000PLN
Golf,1 900 cm³,2000,110 KM,Diesel,Kombi,327 700 km,Srebrny,Nieuszkodzony,Manualna,Polska,4 500 zł
Golf,1 600 cm³,1992,70 KM,LPG,Sedan,342 000 km,Biały,Nieuszkodzony,Manualna,Niemcy,3 400 zł
Golf,Unknown,2021,115 KM,Diesel,Kombi,20 500 km,Biały,Nieuszkodzony,Manualna,Polska,82 000 zł
Golf,1 cm³,1998,75 KM,Benzyna,Kabriolet,262 030 km,Niebieski,Nieuszkodzony,Manualna,Polska,6 500 zł
Golf,1 598 cm3,2016,110 KM,Diesel,Kompakt,182 000 km,Czarny,Używane,Automatyczna,Unknown,39 500PLN
Golf,1 498 cm3,2020,150 KM,Benzyna,Kompakt,48 026 km,Czarny,Używane,Automatyczna,Polska,102 900PLN
Golf,1 984 cm3,2001,115 KM,Benzyna,Kabriolet,145 000 km,Czarny,Używane,Automatyczna,Niemcy,16 900PLN
Golf,1 588 cm3,1977,54 KM,Diesel,Kompakt,240 000 km,Niebieski,Używane,Manualna,Niemcy,12 900PLN
Golf,1 400 cm³,2005,90 KM,Benzyna,Hatchback,244 000 km,Czerwony,Nieuszkodzony,Manualna,Unknown,11 900 zł
Golf,1 197 cm3,2011,105 KM,Benzyna,Kombi,176 000 km,Biały,Używane,Manualna,Unknown,23 900PLN
Golf,1 390 cm3,2009,122 KM,Benzyna,Auta miejskie,197 000 km,Czarny,Używane,Manualna,Niemcy,19 900PLN
Golf,1 968 cm3,2020,115 KM,Diesel,Kombi,75 000 km,Biały,Używane,Manualna,Unknown,75 000PLN
Golf,1 600 cm³,2013,105 KM,Diesel,Hatchback,244 000 km,Niebieski,Nieuszkodzony,Manualna,Unknown,34 000 zł
Golf,1 968 cm³,2018,150 KM,Diesel,Hatchback,66 500 km,Srebrny,Nieuszkodzony,Manualna,Niemcy,68 900 złdo negocjacji
Golf,Unknown,2005,216 KM,Benzyna,Hatchback,166 104 km,Czerwony,Nieuszkodzony,Manualna,Stany Zjednoczone,20 500 zł
Golf,1 595 cm3,1990,70 KM,Benzyna,Kompakt,99 000 km,Zielony,Używane,Automatyczna,Niemcy,17 900PLN
Golf,1 390 cm³,2000,75 KM,Benzyna,Hatchback,228 km,Srebrny,Nieuszkodzony,Manualna,Niemcy,4 200 złdo negocjacji
Golf,1 984 cm3,2011,211 KM,Benzyna,Sedan,211 000 km,Biały,Używane,Manualna,Unknown,45 000PLN
Golf,1 968 cm3,2023,115 KM,Diesel,Kombi,5 km,Szary,Nowe,Manualna,Unknown,149 980PLN
Golf,1 400 cm³,2008,80 KM,LPG,Hatchback,199 400 km,Czerwony,Nieuszkodzony,Manualna,Austria,16 800 złdo negocjacji
Golf,1 390 cm3,2009,80 KM,Benzyna,Kompakt,95 000 km,Czerwony,Używane,Manualna,Niemcy,21 900PLN
Golf,1 390 cm3,1998,75 KM,Benzyna,Kompakt,207 000 km,Biały,Używane,Manualna,Unknown,3 900PLN
Golf,1 598 cm3,2015,110 KM,Diesel,Kombi,198 000 km,Czarny,Używane,Manualna,Niemcy,39 900PLN
Golf,2 000 cm³,2011,170 KM,Diesel,Hatchback,246 000 km,Czarny,Nieuszkodzony,Automatyczna,Unknown,42 900 złdo negocjacji
Golf,1 595 cm3,2009,102 KM,Benzyna,Kompakt,199 000 km,Biały,Używane,Manualna,Niemcy,22 800PLN
Golf,1 395 cm3,2017,125 KM,Benzyna,Kompakt,110 000 km,Biały,Używane,Automatyczna,Unknown,54 700PLN
Golf,1 400 cm³,1999,75 KM,Benzyna,Hatchback,215 000 km,Niebieski,Nieuszkodzony,Manualna,Unknown,4 800 zł
Golf,1 968 cm3,2009,140 KM,Diesel,Kompakt,286 000 km,Szary,Używane,Manualna,Niemcy,9 999PLN
Golf,1 598 cm³,2012,105 KM,Diesel,Hatchback,144 500 km,Czarny,Uszkodzony,Manualna,Belgia,22 000 złdo negocjacji
Golf,1 896 cm3,2002,100 KM,Diesel,Kombi,270 000 km,Srebrny,Używane,Manualna,Niemcy,14 700PLN
Golf,1 595 cm3,2006,102 KM,Benzyna,Kompakt,243 000 km,Czarny,Używane,Manualna,Unknown,10 000PLN
Golf,1 395 cm3,2014,122 KM,Benzyna,Kompakt,117 100 km,Biały,Używane,Manualna,Polska,50 900PLN
Golf,1 390 cm3,2007,80 KM,Benzyna+LPG,Kompakt,306 326 km,Czarny,Używane,Manualna,Unknown,14 600PLN
Golf,1 595 cm3,2005,102 KM,Benzyna,Kompakt,139 000 km,Złoty,Używane,Manualna,Unknown,10 000PLN
Golf,Unknown,1987,75 KM,Benzyna,Kabriolet,170 000 km,Inny kolor,Nieuszkodzony,Manualna,Szwecja,31 500 zł
Golf,1 598 cm3,2013,105 KM,Diesel,Kombi,196 000 km,Niebieski,Używane,Manualna,Unknown,26 700PLN
Golf,1 498 cm3,2021,130 KM,Benzyna,Kompakt,12 086 km,Szary,Używane,Automatyczna,Polska,105 900PLN
Golf,1 598 cm3,2014,105 KM,Diesel,Kompakt,200 200 km,Czarny,Używane,Manualna,Francja,42 500PLN
Golf,1 800 cm³,1994,Unknown,LPG,Kabriolet,196 378 km,Niebieski,Nieuszkodzony,Manualna,Unknown,2 000 złdo negocjacji
model,eng_cap,prod_year,power,fuel_type,car_body,mileage,color,condition,transmission,origin,price
Golf,1 197 cm3,2016,110 KM,Benzyna,Kombi,228 400 km,Biały,Używane,Manualna,Polska,28 500PLN
Golf,2 000 cm³,2006,250 KM,Benzyna,Hatchback,252 000 km,Czerwony,Nieuszkodzony,Manualna,Polska,27 900 złdo negocjacji
Golf,1 395 cm³,2015,122 KM,Benzyna,Hatchback,100 500 km,Żółty – Złoty,Nieuszkodzony,Manualna,Polska,53 800 złdo negocjacji
Golf,1 600 cm³,2002,105 KM,Benzyna,Hatchback,174 000 km,Niebieski,Nieuszkodzony,Manualna,Unknown,5 750 złdo negocjacji
Golf,1 598 cm³,1998,101 KM,Benzyna,Hatchback,270 000 km,Czarny,Nieuszkodzony,Manualna,Unknown,3 400 złdo negocjacji
Golf,Unknown,1999,Unknown,Benzyna,Kombi,190 km,Czarny,Nieuszkodzony,Manualna,Unknown,5 900 zł
Golf,1 600 cm³,2007,102 KM,LPG,Kombi,300 000 km,Srebrny,Nieuszkodzony,Manualna,Unknown,11 500 złdo negocjacji
Golf,1 900 cm³,2003,105 KM,Diesel,Sedan,337 965 km,Czarny,Nieuszkodzony,Manualna,Niemcy,6 700 złdo negocjacji
Golf,1 896 cm3,2008,105 KM,Diesel,Kompakt,156 000 km,Czarny,Używane,Manualna,Unknown,22 999PLN
Golf,1 598 cm3,2012,105 KM,Diesel,Kombi,269 000 km,Granatowy,Używane,Manualna,Unknown,20 999PLN
Golf,1 595 cm3,2006,102 KM,Benzyna,Auta miejskie,221 078 km,Czarny,Używane,Manualna,Niemcy,15 800PLN
Golf,1 197 cm3,2010,105 KM,Benzyna,Kompakt,147 000 km,Szary,Używane,Manualna,Unknown,16 500PLN
Golf,1 968 cm3,2013,150 KM,Diesel,Kompakt,115 000 km,Niebieski,Używane,Automatyczna,Unknown,49 900PLN
Golf,1 600 cm³,2018,115 KM,Diesel,Kombi,227 000 km,Brązowy – Beżowy,Nieuszkodzony,Manualna,Polska,43 500 zł
Golf,1 600 cm³,2005,105 KM,LPG,Hatchback,306 000 km,Niebieski,Nieuszkodzony,Manualna,Niemcy,5 000 złdo negocjacji
Golf,1 400 cm³,2000,75 KM,LPG,Hatchback,275 000 km,Niebieski,Nieuszkodzony,Manualna,Unknown,4 299 zł
Golf,1 984 cm3,2017,210 KM,Benzyna,Kompakt,7 400 km,Czarny,Używane,Manualna,Niemcy,96 900PLN
Golf,1 595 cm³,1998,100 KM,Benzyna,Hatchback,243 770 km,Zielony,Nieuszkodzony,Manualna,Unknown,5 000 zł
Golf,1 968 cm3,2009,110 KM,Diesel,Kompakt,321 000 km,Czerwony,Używane,Manualna,Niemcy,19 999PLN
Golf,1 968 cm3,2009,110 KM,Diesel,Kompakt,232 677 km,Bordowy,Używane,Manualna,Unknown,22 800PLN
Golf,1 390 cm3,2005,75 KM,Benzyna+LPG,Auta miejskie,350 000 km,Srebrny,Używane,Manualna,Niemcy,6 900PLN
Golf,1 896 cm3,2006,105 KM,Diesel,Kompakt,180 000 km,Granatowy,Używane,Manualna,Niemcy,16 500PLN
Golf,1 984 cm3,2007,200 KM,Benzyna,Kompakt,247 000 km,Srebrny,Używane,Automatyczna,Unknown,27 700PLN
Golf,1 598 cm3,2011,105 KM,Diesel,Kombi,321 000 km,Czarny,Używane,Manualna,Niemcy,19 999PLN
Golf,1 390 cm³,2005,Unknown,Benzyna,Hatchback,172 577 km,Srebrny,Nieuszkodzony,Manualna,Unknown,14 999 złdo negocjacji
Golf,1 400 cm³,2003,75 KM,Benzyna,Hatchback,190 000 km,Srebrny,Nieuszkodzony,Manualna,Niemcy,8 200 zł
Golf,14 cm³,2002,55 KM,Benzyna,Hatchback,280 000 km,Srebrny,Nieuszkodzony,Manualna,Niemcy,5 500 złdo negocjacji
Golf,1 498 cm3,2018,150 KM,Benzyna,Kompakt,129 600 km,Czarny,Używane,Automatyczna,Belgia,65 999PLN
Golf,1 600 cm³,2015,105 KM,Diesel,Sedan,258 000 km,Niebieski,Nieuszkodzony,Manualna,Holandia,34 200 złdo negocjacji
Golf,1 400 cm³,1998,75 KM,Benzyna,Hatchback,315 000 km,Niebieski,Nieuszkodzony,Manualna,Unknown,3 950 zł
Golf,1 197 cm3,2010,105 KM,Benzyna,Kombi,199 000 km,Czarny,Używane,Manualna,Niemcy,21 900PLN
Golf,1 598 cm3,2012,105 KM,Diesel,Kompakt,181 100 km,Granatowy,Używane,Automatyczna,Francja,26 900PLN
Golf,1 900 cm³,2006,90 KM,Diesel,Hatchback,412 580 km,Szary,Nieuszkodzony,Manualna,Polska,7 200 zł
Golf,1 390 cm³,2016,125 KM,Benzyna,Hatchback,168 000 km,Niebieski,Nieuszkodzony,Manualna,Unknown,54 500 zł
Golf,1 900 cm³,2002,130 KM,Diesel,Hatchback,365 000 km,Niebieski,Nieuszkodzony,Manualna,Niemcy,7 200 złdo negocjacji
Golf,1 896 cm3,2008,105 KM,Diesel,Kompakt,193 593 km,Szary,Używane,Manualna,Unknown,13 900PLN
Golf,1 400 cm³,2003,75 KM,Benzyna,Hatchback,309 000 km,Czarny,Nieuszkodzony,Manualna,Unknown,5 800 złdo negocjacji
Golf,1 599 cm³,1999,105 KM,LPG,Hatchback,298 km,Niebieski,Nieuszkodzony,Manualna,Unknown,4 000 złdo negocjacji
Golf,1 197 cm3,2012,105 KM,Benzyna,Kompakt,154 700 km,Niebieski,Używane,Manualna,Niemcy,29 900PLN
Golf,1 968 cm3,2008,110 KM,Diesel,Kompakt,264 105 km,Srebrny,Używane,Manualna,Unknown,13 500PLN
Golf,2 000 cm³,2008,143 KM,Diesel,Kombi,330 600 km,Czarny,Nieuszkodzony,Manualna,Niemcy,12 500 złdo negocjacji
Golf,1 968 cm³,2018,150 KM,Diesel,Hatchback,66 500 km,Srebrny,Nieuszkodzony,Manualna,Niemcy,68 900 złdo negocjacji
Golf,1 598 cm³,2016,Unknown,Diesel,Hatchback,209 000 km,Biały,Nieuszkodzony,Manualna,Niemcy,42 900 zł
Golf,1 984 cm3,2005,200 KM,Benzyna,Kompakt,200 000 km,Czarny,Używane,Manualna,Niemcy,22 900PLN
Golf,1 390 cm3,2011,122 KM,Benzyna,Kompakt,203 700 km,Błękitny,Używane,Manualna,Niemcy,29 900PLN
Golf,1 968 cm³,2009,110 KM,Diesel,Hatchback,187 km,Niebieski,Nieuszkodzony,Manualna,Unknown,33 000 zł
Golf,1 598 cm3,2019,115 KM,Diesel,Kombi,112 000 km,Srebrny,Używane,Manualna,Unknown,55 500PLN
Golf,1 390 cm3,2009,122 KM,Benzyna,Kombi,136 700 km,Czarny,Używane,Manualna,Niemcy,20 900PLN
Golf,1 400 cm³,2005,90 KM,Benzyna,Hatchback,212 000 km,Czarny,Nieuszkodzony,Manualna,Niemcy,7 900 złdo negocjacji
Golf,1 400 cm³,2013,140 KM,Benzyna,Hatchback,155 450 km,Biały,Nieuszkodzony,Manualna,Unknown,47 800 złdo negocjacji
Golf,1 900 cm³,2000,110 KM,Diesel,Kombi,253 000 km,Srebrny,Nieuszkodzony,Manualna,Polska,5 500 zł
Golf,1 395 cm3,2015,125 KM,Benzyna,Kompakt,169 000 km,Szary,Używane,Manualna,Unknown,39 900PLN
model,eng_cap,prod_year,power,fuel_type,car_body,mileage,color,condition,transmission,origin,price
Golf,1 900 cm³,2006,105 KM,Diesel,Hatchback,299 000 km,Srebrny,Nieuszkodzony,Manualna,Unknown,9 999 zł
Golf,1 600 cm³,2007,Unknown,Benzyna,Hatchback,172 000 km,Srebrny,Nieuszkodzony,Manualna,Unknown,18 000 złdo negocjacji
Golf,1 390 cm³,2005,Unknown,Benzyna,Hatchback,172 577 km,Srebrny,Nieuszkodzony,Manualna,Unknown,14 999 złdo negocjacji
Golf,1 598 cm³,2011,105 KM,Diesel,Kombi,352 984 km,Czarny,Uszkodzony,Manualna,Niemcy,11 700 złdo negocjacji
Golf,1 984 cm3,2019,290 KM,Benzyna,Kompakt,121 624 km,Szary,Używane,Automatyczna,Stany Zjednoczone,59 000PLN
Golf,1 968 cm3,2020,150 KM,Diesel,Kombi,180 000 km,Szary,Używane,Manualna,Niemcy,58 900PLN
Golf,1 598 cm3,2018,115 KM,Diesel,Kombi,119 700 km,Beżowy,Używane,Manualna,Polska,53 900PLN
Golf,1 598 cm³,2002,81 KM,Benzyna,Hatchback,21 700 km,Srebrny,Nieuszkodzony,Manualna,Niemcy,5 000 złdo negocjacji
Golf,1 598 cm3,2019,115 KM,Diesel,Kombi,77 684 km,Czarny,Używane,Manualna,Polska,62 900PLN
Golf,1 968 cm3,2024,200 KM,Diesel,Kompakt,10 km,Żółty,Nowe,Automatyczna,Polska,196 890PLN
Golf,1 598 cm3,2014,90 KM,Diesel,Kombi,216 721 km,Szary,Używane,Manualna,Belgia,36 900PLN
Golf,1 598 cm3,2018,116 KM,Diesel,Kombi,66 821 km,Granatowy,Używane,Manualna,Austria,62 000PLN
Golf,1 598 cm3,2010,105 KM,Diesel,Kompakt,218 000 km,Niebieski,Używane,Manualna,Unknown,26 999PLN
Golf,1 200 cm³,2013,102 KM,Benzyna,Hatchback,240 000 km,Inny kolor,Nieuszkodzony,Manualna,Polska,30 600 zł
Golf,1 900 cm³,2007,105 KM,Diesel,Hatchback,230 000 km,Srebrny,Nieuszkodzony,Manualna,Polska,14 900 złdo negocjacji
Golf,Unknown,2005,216 KM,Benzyna,Hatchback,166 104 km,Czerwony,Nieuszkodzony,Manualna,Stany Zjednoczone,20 500 zł
Golf,1 900 cm³,2008,105 KM,Diesel,Hatchback,218 000 km,Inny kolor,Nieuszkodzony,Manualna,Niemcy,14 400 zł
Golf,1 896 cm3,2008,105 KM,Diesel,Minivan,134 187 km,Srebrny,Używane,Automatyczna,Unknown,24 800PLN
Golf,1 968 cm3,2015,184 KM,Diesel,Auta małe,230 000 km,Czerwony,Używane,Automatyczna,Niemcy,69 900PLN
Golf,1 984 cm3,2019,245 KM,Benzyna,Auta miejskie,83 000 km,Czarny,Używane,Manualna,Niemcy,97 900PLN
Golf,1 998 cm³,2017,245 KM,Benzyna,Hatchback,105 600 km,Inny kolor,Nieuszkodzony,Automatyczna,Belgia,115 000 złdo negocjacji
Golf,1 390 cm3,2003,75 KM,Benzyna+LPG,Auta miejskie,316 500 km,Niebieski,Używane,Manualna,Unknown,5 300PLN
Golf,1 968 cm3,2009,110 KM,Diesel,Kompakt,273 000 km,Srebrny,Używane,Manualna,Unknown,20 000PLN
Golf,1 197 cm3,2014,86 KM,Benzyna,Kompakt,183 000 km,Czarny,Używane,Manualna,Unknown,28 700PLN
Golf,1 398 cm³,2001,75 KM,Benzyna,Hatchback,188 000 km,Czarny,Nieuszkodzony,Manualna,Polska,8 800 zł
Golf,1 900 cm³,2004,101 KM,Diesel,Kombi,24 000 km,Srebrny,Uszkodzony,Manualna,Niemcy,2 000 zł
Golf,1 896 cm³,2007,210 KM,Diesel,Hatchback,266 000 km,Inny kolor,Nieuszkodzony,Manualna,Niemcy,24 500 złdo negocjacji
Golf,1 598 cm3,2011,105 KM,Diesel,Kompakt,269 085 km,Czarny,Używane,Manualna,Unknown,21 800PLN
Golf,1 900 cm³,2004,105 KM,Diesel,Hatchback,330 452 km,Czarny,Nieuszkodzony,Manualna,Inny,9 900 złdo negocjacji
Golf,1 498 cm3,2021,130 KM,Benzyna,Kombi,198 000 km,Szary,Używane,Manualna,Polska,65 900PLN
Golf,1 968 cm3,2020,150 KM,Diesel,Kombi,97 021 km,Szary,Używane,Automatyczna,Niemcy,74 900PLN
Golf,1 598 cm3,2018,115 KM,Diesel,Kombi,148 435 km,Czarny,Używane,Manualna,Niemcy,54 300PLN
Golf,999 cm3,2017,110 KM,Benzyna,Kombi,122 744 km,Biały,Używane,Manualna,Niemcy,52 000PLN
Golf,1 798 cm3,2017,180 KM,Benzyna,Kombi,207 000 km,Niebieski,Używane,Automatyczna,Unknown,55 500PLN
Golf,1 984 cm³,2002,115 KM,Benzyna,Kombi,166 000 km,Srebrny,Nieuszkodzony,Manualna,Niemcy,6 600 złdo negocjacji
Golf,1 984 cm3,2024,320 KM,Benzyna,Kompakt,10 km,Czarny,Nowe,Automatyczna,Polska,267 360PLN
Golf,1 598 cm3,2016,110 KM,Diesel,Kompakt,130 000 km,Srebrny,Używane,Automatyczna,Unknown,52 000PLN
Golf,1 390 cm³,2008,122 KM,Benzyna,Hatchback,202 000 km,Czarny,Nieuszkodzony,Manualna,Unknown,14 900 złdo negocjacji
Golf,1 390 cm³,2006,170 KM,Benzyna,Hatchback,231 643 km,Czarny,Uszkodzony,Manualna,Niemcy,12 500 zł
Golf,1 500 cm³,2020,130 KM,Benzyna,Hatchback,100 000 km,Niebieski,Nieuszkodzony,Manualna,Polska,79 000 zł
Golf,1 498 cm3,2022,130 KM,Benzyna,Kompakt,11 337 km,Czarny,Używane,Automatyczna,Polska,126 000PLN
Golf,Unknown,2006,150 KM,Diesel,Hatchback,350 km,Czarny,Nieuszkodzony,Manualna,Unknown,16 900 złdo negocjacji
Golf,1 197 cm³,2013,105 KM,Benzyna,Kombi,187 719 km,Niebieski,Nieuszkodzony,Manualna,Niemcy,32 000 zł
Golf,999 cm3,2017,110 KM,Benzyna,Kombi,89 000 km,Inny kolor,Używane,Manualna,Unknown,47 900PLN
Golf,1 896 cm3,2006,105 KM,Diesel,Kompakt,325 920 km,Czarny,Używane,Manualna,Unknown,12 500PLN
Golf,1 390 cm³,2004,90 KM,Benzyna,Hatchback,250 000 km,Srebrny,Nieuszkodzony,Manualna,Unknown,9 000 złdo negocjacji
Golf,1 896 cm3,2009,105 KM,Diesel,Kombi,216 469 km,Srebrny,Używane,Manualna,Unknown,19 900PLN
Golf,1 598 cm3,2011,105 KM,Diesel,Kombi,240 000 km,Srebrny,Używane,Manualna,Niemcy,23 000PLN
Golf,999 cm3,2019,115 KM,Benzyna,Kombi,113 200 km,Szary,Używane,Manualna,Polska,49 500PLN
Golf,999 cm3,2020,115 KM,Benzyna,Kombi,119 100 km,Szary,Używane,Manualna,Polska,48 300PLN
Golf,999 cm3,2020,115 KM,Benzyna,Kombi,165 200 km,Szary,Używane,Manualna,Polska,47 800PLN
model,eng_cap,prod_year,power,fuel_type,car_body,mileage,color,condition,transmission,origin,price
Golf,1 600 cm³,2014,90 KM,Diesel,Kombi,250 000 km,Szary,Nieuszkodzony,Manualna,Polska,29 500 zł
Golf,1 400 cm³,2008,170 KM,Benzyna,Hatchback,270 000 km,Czarny,Nieuszkodzony,Manualna,Niemcy,18 750 zł
Golf,1 986 cm³,2007,140 KM,Diesel,Kombi,274 km,Czarny,Nieuszkodzony,Manualna,Niemcy,16 400 złdo negocjacji
Golf,1 896 cm3,2002,101 KM,Diesel,Auta miejskie,340 000 km,Szary,Używane,Manualna,Unknown,5 400PLN
Golf,1 390 cm3,2009,80 KM,Benzyna,Kompakt,154 000 km,Biały,Używane,Manualna,Unknown,22 800PLN
Golf,999 cm3,2019,115 KM,Benzyna,Kombi,130 330 km,Szary,Używane,Manualna,Unknown,51 999PLN
Golf,1 390 cm³,2004,75 KM,Benzyna,Hatchback,216 500 km,Szary,Uszkodzony,Manualna,Unknown,5 800 złdo negocjacji
Golf,1 595 cm3,2005,102 KM,Benzyna,Auta miejskie,212 000 km,Czarny,Używane,Manualna,Niemcy,12 222PLN
Golf,999 cm³,2020,120 KM,Benzyna,Kombi,111 000 km,Inny kolor,Nieuszkodzony,Manualna,Polska,46 000 zł
Golf,Unknown,2015,115 KM,Elektryczny,Auta miejskie,95 000 km,Czarny,Używane,Automatyczna,Unknown,41 000PLN
Golf,1 390 cm³,2000,75 KM,Benzyna,Hatchback,302 305 km,Niebieski,Nieuszkodzony,Manualna,Polska,3 000 zł
Golf,1 390 cm3,2009,75 KM,Benzyna,Auta miejskie,202 000 km,Czarny,Używane,Manualna,Unknown,18 300PLN
Golf,1 390 cm3,2008,80 KM,Benzyna,Auta małe,168 000 km,Srebrny,Używane,Manualna,Unknown,16 900PLN
Golf,1 859 cm³,2006,110 KM,Diesel,Kombi,282 000 km,Srebrny,Nieuszkodzony,Manualna,Polska,4 490 zł
Golf,1 400 cm³,2013,140 KM,Benzyna,Hatchback,155 450 km,Biały,Nieuszkodzony,Manualna,Unknown,47 800 złdo negocjacji
Golf,1 395 cm³,2017,150 KM,Benzyna,Kombi,94 010 km,Żółty – Złoty,Nieuszkodzony,Automatyczna,Polska,79 900 złdo negocjacji
Golf,1 598 cm3,2012,105 KM,Diesel,Kombi,106 853 km,Czerwony,Używane,Automatyczna,Unknown,35 000PLN
Golf,1 498 cm3,2019,150 KM,Benzyna,Kompakt,52 550 km,Biały,Używane,Manualna,Polska,80 900PLN
Golf,1 390 cm3,2009,122 KM,Benzyna,Kompakt,250 000 km,Biały,Używane,Manualna,Unknown,19 000PLN
Golf,1 595 cm3,2008,102 KM,Benzyna,Kombi,210 000 km,Srebrny,Używane,Manualna,Unknown,15 900PLN
Golf,1 968 cm3,2008,140 KM,Diesel,Kompakt,236 000 km,Czarny,Używane,Manualna,Unknown,15 500PLN
Golf,1 984 cm3,2014,230 KM,Benzyna,Kompakt,99 672 km,Biały,Używane,Manualna,Włochy,66 500PLN
Golf,1 595 cm3,1999,100 KM,Benzyna+LPG,Kombi,279 592 km,Srebrny,Używane,Automatyczna,Niemcy,8 200PLN
Golf,1 968 cm3,2015,184 KM,Diesel,Kombi,199 999 km,Czarny,Używane,Automatyczna,Niemcy,49 999PLN
Golf,1 984 cm3,2007,230 KM,Benzyna,Kompakt,237 000 km,Czarny,Używane,Automatyczna,Unknown,29 999PLN
Golf,999 cm3,2020,115 KM,Benzyna,Kombi,122 000 km,Szary,Używane,Manualna,Polska,45 900PLN
Golf,1 600 cm³,2015,Unknown,Diesel,Kombi,241 321 km,Inny kolor,Nieuszkodzony,Automatyczna,Polska,28 500 złdo negocjacji
Golf,1 599 cm³,2005,101 KM,LPG,Hatchback,239 900 km,Srebrny,Nieuszkodzony,Manualna,Unknown,4 990 złdo negocjacji
Golf,1 595 cm3,2005,102 KM,Benzyna,Auta małe,175 000 km,Srebrny,Używane,Manualna,Unknown,10 500PLN
Golf,1 197 cm³,2010,105 KM,Benzyna,Hatchback,181 700 km,Czerwony,Nieuszkodzony,Manualna,Polska,21 500 złdo negocjacji
Golf,1 898 cm³,2006,Unknown,Diesel,Hatchback,224 623 km,Srebrny,Nieuszkodzony,Automatyczna,Unknown,13 300 złdo negocjacji
Golf,1 896 cm3,2005,105 KM,Diesel,Kompakt,237 000 km,Czarny,Używane,Manualna,Unknown,10 900PLN
Golf,999 cm3,2021,110 KM,Benzyna,Kompakt,23 000 km,Biały,Używane,Manualna,Polska,74 500PLN
Golf,1 598 cm3,2013,105 KM,Diesel,Kombi,281 000 km,Srebrny,Używane,Manualna,Polska,20 000PLN
Golf,1 390 cm3,2008,140 KM,Benzyna,Kompakt,215 115 km,Granatowy,Używane,Manualna,Niemcy,14 800PLN
Golf,2 000 cm³,2016,150 KM,Diesel,Kombi,249 100 km,Czarny,Nieuszkodzony,Manualna,Polska,54 300 zł
Golf,1 896 cm3,2006,105 KM,Diesel,Kompakt,246 000 km,Srebrny,Używane,Manualna,Niemcy,11 000PLN
Golf,1 598 cm3,2012,105 KM,Diesel,Kombi,278 000 km,Złoty,Używane,Manualna,Szwecja,23 400PLN
Golf,1 999 cm³,2008,140 KM,Diesel,Kombi,230 000 km,Szary,Nieuszkodzony,Manualna,Polska,12 000 zł
Golf,1 896 cm³,2001,101 KM,Diesel,Kombi,307 000 km,Srebrny,Nieuszkodzony,Manualna,Polska,9 900 zł
Golf,1 398 cm³,2000,75 KM,Benzyna,Hatchback,288 500 km,Czerwony,Nieuszkodzony,Manualna,Unknown,3 490 złdo negocjacji
Golf,1 498 cm3,2021,130 KM,Benzyna,Kombi,99 840 km,Szary,Używane,Automatyczna,Polska,97 000PLN
Golf,1 390 cm3,2009,160 KM,Benzyna,Minivan,117 025 km,Srebrny,Używane,Manualna,Niemcy,23 800PLN
Golf,1 598 cm3,2015,90 KM,Diesel,Kombi,185 000 km,Czarny,Używane,Manualna,Holandia,37 900PLN
Golf,1 197 cm3,2014,105 KM,Benzyna,Kompakt,175 000 km,Biały,Używane,Manualna,Unknown,35 500PLN
Golf,1 498 cm3,2023,150 KM,Benzyna,Kombi,12 200 km,Biały,Używane,Automatyczna,Polska,129 150PLN
Golf,1 498 cm3,2019,130 KM,Benzyna,Kombi,64 000 km,Czarny,Używane,Manualna,Polska,72 400PLN
Golf,1 896 cm3,2005,100 KM,Diesel,Kombi,249 568 km,Granatowy,Używane,Manualna,Unknown,11 900PLN
Golf,1 600 cm³,2002,102 KM,Benzyna,Hatchback,84 711 km,Szary,Nieuszkodzony,Automatyczna,Niemcy,9 900 zł
Golf,1 390 cm3,2001,75 KM,Benzyna,Auta małe,225 355 km,Srebrny,Używane,Manualna,Niemcy,4 800PLN
Golf,1 390 cm3,2009,80 KM,Benzyna,Kompakt,149 000 km,Srebrny,Używane,Manualna,Niemcy,20 900PLN
